{"test_iter": [0, 5, 10, 15, 20, 25, 30, 35, 40, 45, 50, 55, 60, 65, 70, 75, 80], "train_iter": [0, 1, 2, 3, 4, 5, 6, 7, 8, 9, 10, 11, 12, 13, 14, 15, 16, 17, 18, 19, 20, 21, 22, 23, 24, 25, 26, 27, 28, 29, 30, 31, 32, 33, 34, 35, 36, 37, 38, 39, 40, 41, 42, 43, 44, 45, 46, 47, 48, 49, 50, 51, 52, 53, 54, 55, 56, 57, 58, 59, 60, 61, 62, 63, 64, 65, 66, 67, 68, 69, 70, 71, 72, 73, 74, 75, 76, 77, 78, 79, 80], "accuracy": [0.7465, 0.8515, 0.8895, 0.9265, 0.902, 0.9475, 0.943, 0.9285, 0.9495, 0.937, 0.9575, 0.961, 0.92, 0.9205, 0.961, 0.961, 0.964], "loss": [0.5459698684631832, 0.3310568980754368, 0.2610794615650934, 0.1940727359245694, 0.23292597477871274, 0.13827509805560112, 0.15123655712084164, 0.18933275155723095, 0.14598173183935975, 0.1753238087135648, 0.12701583711341732, 0.13752573522339975, 0.31598737179523423, 0.21113342785882572, 0.13940916906779868, 0.15438196011301544, 0.13813653080537083], "train_loss": [0.621408661365509, 0.4748978021144867, 0.42651309895515443, 0.384485026717186, 0.3553859231472015, 0.357177101880312, 0.35085377350449565, 0.31526364144682884, 0.29545226600766183, 0.3099461662173271, 0.28079751470685005, 0.24334448963403701, 0.244346623390913, 0.23072812569141388, 0.22276695132255553, 0.19890838560461999, 0.18512957794219256, 0.1718767773360014, 0.15712029558420182, 0.17233726347982883, 0.14310137616842986, 0.13487151814997198, 0.14505001412332058, 0.1561729397624731, 0.1061999232918024, 0.11899781219288706, 0.11493843682482839, 0.1008012563213706, 0.08941372960805893, 0.1020416940934956, 0.10448571145907044, 0.08298383373208344, 0.08814386131055653, 0.08881548432912678, 0.1306461765561253, 0.058292195204645396, 0.059105713121593, 0.07263417677953839, 0.05971342534106225, 0.058083888780791314, 0.1067937778448686, 0.04553642829041928, 0.05310064100846648, 0.03572828590543941, 0.05604318384639919, 0.054824938235804435, 0.048784698581323026, 0.040509230621857566, 0.08298039143439383, 0.029111232049297543, 0.03810142852319404, 0.023522921018884518, 0.020457867153920232, 0.05486719419859583, 0.02325668590888381, 0.017952275712043046, 0.08857470572349849, 0.025727109068306164, 0.03253867826540954, 0.027009775287238882, 0.01488744807743933, 0.06743605461972765, 0.02017734562116675, 0.03981262934059487, 0.010290479545044945, 0.07834936011210084, 0.044708103888551703, 0.03697225030290428, 0.009603258095216007, 0.0046003927483398, 0.027249414162026368, 0.0624642274606158, 0.035166027720668354, 0.008724307017313549, 0.0033493137811892665, 0.04807673009682185, 0.022220443547936158, 0.03177959266488324, 0.004175727810790704, 0.02552677926430988, 0.014289061626041075]}