{"accuracy": [[0.5307346326836582, 0.9865067466266867, 0.9985007496251874, 1.0, 0.9970014992503748], [0.5367316341829086, 0.9880059970014993, 0.9970014992503748, 0.9985007496251874, 0.9955022488755623], [0.5442278860569715, 0.9910044977511244, 0.9970014992503748, 0.9970014992503748, 0.9955022488755623]], "loss": [[2.444208691681343, 0.03568893581864667, 0.004008199770563458, 3.7854930261938524e-07, 0.009454621457267236], [2.725412836496619, 0.0377327277890372, 0.02173963011122635, 0.025205948766566424, 0.12820159068967862], [3.06452701867431, 0.04828325554047634, 0.02372629182942585, 0.027027483491632923, 0.0753503311236497]], "weighted_acc": [0.537231384307846, 0.9885057471264369, 0.9975012493753124, 0.9985007496251874, 0.9960019990004998], "weighted_loss": [2.7447161822840904, 0.04056830638272007, 0.016491373903738553, 0.017411270269167323, 0.07100218109019853]}