{"accuracy": [[0.9947229551451188, 0.9912049252418645, 0.9956024626209323, 0.9885664028144239, 0.9762532981530343], [0.9919224555735057, 0.9935379644588045, 0.9983844911147012, 0.9741518578352181, 0.9967689822294022], [0.9918367346938776, 0.9714285714285714, 0.9836734693877551, 1.0, 0.9551020408163265]], "loss": [[0.017940676768378253, 0.1613815264789028, 0.06864323455630854, 0.34458095086363033, 0.7826491476852334], [0.03602504246358147, 0.1747801933432761, 0.006824455492023532, 1.407605620360595, 0.06843275245826734], [0.018224630913844485, 0.2990680441564471, 0.3248846511455649, 8.389580779872211e-14, 2.7318751919026276]], "weighted_acc": [0.9934870214725845, 0.9894619557704967, 0.9949807223710878, 0.9854910571566191, 0.9800205422598108], "weighted_loss": [0.023627535316312537, 0.1827794245837125, 0.08135504317237652, 0.6337035412234885, 0.8031097797039808]}